jrc_event_id,gaspar_event_uid,cod_nat_catnat,jrc_start_date,jrc_end_date,gaspar_start_date,gaspar_end_date,matched_communes,exact_date_commune_matches,start_end_window_unit_matches,cross_start_end_window_unit_matches,expanded_interval_overlap_unit_matches,mean_abs_start_diff_days,mean_abs_end_diff_days,mean_total_abs_date_diff_days,min_total_abs_date_diff_days,max_interval_overlap_days,jrc_event_start_date,jrc_event_end_date,jrc_total_communes,jrc_total_nuts3,jrc_total_departments,gaspar_event_start_date,gaspar_event_end_date,gaspar_total_communes,gaspar_total_departments,jrc_match_share,gaspar_match_share,jrc_match_rank
WD_MERGE_2018-01-15---2018-02-05_duration_21_days_cluster_356_A0_001736_A_002252_lat_04804_lon_00395_size_0168,INTE1804348A__20180115__20180205,INTE1804348A,2018-01-15,2018-02-05,2018-01-15,2018-02-05,167,167,167,167,167,0.0,0.0,0.0,0,22,2018-01-15,2018-02-05,3690,60,60,2018-01-15,2018-02-05,276,14,0.04525745257452574,0.605072463768116,1
WD_MERGE_2024-03-25---2024-05-27_duration_56_days_cluster_352_A0_004362_A_004851_lat_05011_lon_01451_size_0294,IOME2415152A__20240516__20240521,IOME2415152A,2024-03-25,2024-05-27,2024-05-16,2024-05-21,85,0,0,0,85,52.0,6.0,58.0,58,6,2024-03-25,2024-05-27,383,16,16,2024-05-16,2024-05-21,335,3,0.22193211488250653,0.2537313432835821,1
WD_MERGE_2023-10-09---2023-11-27_duration_35_days_cluster_346_A0_001489_A_001868_lat_04874_lon_00161_size_0346,IOME2333648A__20231113__20231124,IOME2333648A,2023-10-09,2023-11-27,2023-11-13,2023-11-24,75,0,0,0,75,35.0,3.0,38.0,38,12,2023-10-09,2023-11-27,2204,53,53,2023-11-13,2023-11-24,308,2,0.03402903811252268,0.2435064935064935,1
WD_MERGE_2018-02-05---2018-03-12_duration_35_days_cluster_362_A0_000772_A_001006_lat_04696_lon_00126_size_0284,INTE1804348A__20180115__20180205,INTE1804348A,2018-02-05,2018-03-12,2018-01-15,2018-02-05,71,0,0,0,71,21.0,35.0,56.0,56,1,2018-02-05,2018-03-12,1647,48,48,2018-01-15,2018-02-05,276,14,0.04310868245294475,0.2572463768115942,1
WD_MERGE_2021-07-12---2021-08-02_duration_21_days_cluster_159_A0_000619_A_000852_lat_04942_lon_00499_size_0246,INTE2122730A__20210713__20210716,INTE2122730A,2021-07-12,2021-08-02,2021-07-13,2021-07-16,66,0,66,66,66,1.0,17.0,18.0,18,4,2021-07-12,2021-08-02,1282,26,26,2021-07-13,2021-07-16,175,5,0.0514820592823713,0.37714285714285717,1
WD_MERGE_2023-10-02---2023-11-27_duration_56_days_cluster_343_A0_001031_A_001249_lat_05091_lon_-0185_size_0363,IOME2333648A__20231113__20231124,IOME2333648A,2023-10-02,2023-11-27,2023-11-13,2023-11-24,63,0,0,0,63,42.0,3.0,45.0,45,12,2023-10-02,2023-11-27,665,17,17,2023-11-13,2023-11-24,308,2,0.09473684210526316,0.20454545454545456,1
WD_MERGE_2016-05-30---2016-06-13_duration_14_days_cluster_111_A0_000021_A_000026_lat_04738_lon_00255_size_0147,INTE1615488A__20160528__20160605,INTE1615488A,2016-05-30,2016-06-13,2016-05-28,2016-06-05,61,0,61,61,61,2.0,8.0,10.0,10,7,2016-05-30,2016-06-13,207,13,13,2016-05-28,2016-06-05,617,11,0.2946859903381642,0.09886547811993517,1
WD_MERGE_2018-01-01---2018-01-29_duration_28_days_cluster_351_A0_002080_A_002749_lat_04958_lon_00796_size_0325,INTE1804348A__20180115__20180205,INTE1804348A,2018-01-01,2018-01-29,2018-01-15,2018-02-05,60,0,60,0,60,14.0,7.0,21.0,21,15,2018-01-01,2018-01-29,2327,31,31,2018-01-15,2018-02-05,276,14,0.02578427159432746,0.21739130434782608,1
WD_MERGE_2024-03-25---2024-05-27_duration_49_days_cluster_354_A0_002117_A_002338_lat_04497_lon_00089_size_0436,IOME2418595A__20240617__20240621,IOME2418595A,2024-03-25,2024-05-27,2024-06-17,2024-06-21,58,0,0,0,58,84.0,25.0,109.0,109,0,2024-03-25,2024-05-27,3290,69,69,2024-06-17,2024-06-21,290,9,0.01762917933130699,0.2,1
WD_MERGE_2021-01-11---2021-02-15_duration_35_days_cluster_351_A0_002339_A_003019_lat_04904_lon_00226_size_0328,INTE2104714A__20210203__20210209,INTE2104714A,2021-01-11,2021-02-15,2021-02-03,2021-02-09,55,0,55,55,55,23.0,6.0,29.0,29,7,2021-01-11,2021-02-15,3259,56,56,2021-02-03,2021-02-09,86,3,0.016876342436330162,0.6395348837209303,1
WD_MERGE_2018-03-05---2018-04-09_duration_35_days_cluster_365_A0_000792_A_001016_lat_04859_lon_00099_size_0343,INTE1804348A__20180115__20180205,INTE1804348A,2018-03-05,2018-04-09,2018-01-15,2018-02-05,47,0,0,0,47,49.0,63.0,112.0,112,0,2018-03-05,2018-04-09,1386,46,46,2018-01-15,2018-02-05,276,14,0.03391053391053391,0.17028985507246377,1
WD_MERGE_2021-11-29---2022-01-03_duration_35_days_cluster_315_A0_000249_A_000319_lat_04189_lon_-0074_size_0186,INTE2137424A__20211209__20211212,INTE2137424A,2021-11-29,2022-01-03,2021-12-09,2021-12-12,44,0,44,44,44,10.0,22.0,32.0,32,4,2021-11-29,2022-01-03,325,9,9,2021-12-09,2021-12-12,150,3,0.13538461538461538,0.29333333333333333,1
WD_MERGE_2021-01-04---2021-03-08_duration_63_days_cluster_350_A0_000854_A_001077_lat_05058_lon_-0039_size_0413,INTE2104714A__20210203__20210209,INTE2104714A,2021-01-04,2021-03-08,2021-02-03,2021-02-09,41,0,41,0,41,30.0,27.0,57.0,57,7,2021-01-04,2021-03-08,852,37,37,2021-02-03,2021-02-09,86,3,0.04812206572769953,0.47674418604651164,1
WD_MERGE_2020-12-28---2021-02-08_duration_42_days_cluster_345_A0_001379_A_001714_lat_05131_lon_-0153_size_0295,INTE2104714A__20210203__20210209,INTE2104714A,2020-12-28,2021-02-08,2021-02-03,2021-02-09,40,0,0,0,40,37.0,1.0,38.0,38,6,2020-12-28,2021-02-08,1267,42,42,2021-02-03,2021-02-09,86,3,0.03157063930544594,0.46511627906976744,1
WD_MERGE_2020-11-30---2021-01-04_duration_35_days_cluster_394_A0_000853_A_001042_lat_04937_lon_-0214_size_0264,INTE2104714A__20210203__20210209,INTE2104714A,2020-11-30,2021-01-04,2021-02-03,2021-02-09,31,0,0,0,31,65.0,36.0,101.0,101,0,2020-11-30,2021-01-04,821,28,28,2021-02-03,2021-02-09,86,3,0.037758830694275276,0.36046511627906974,1
WD_MERGE_2019-10-07---2019-12-02_duration_42_days_cluster_348_A0_000880_A_001045_lat_04970_lon_-0128_size_0367,INTE1931207A__20191022__20191023,INTE1931207A,2019-10-07,2019-12-02,2019-10-22,2019-10-23,28,0,0,0,28,15.0,40.0,55.0,55,2,2019-10-07,2019-12-02,621,24,24,2019-10-22,2019-10-23,186,6,0.04508856682769726,0.15053763440860216,1
WD_MERGE_2024-05-13---2024-07-01_duration_49_days_cluster_364_A0_002268_A_002512_lat_04864_lon_01385_size_0345,IOME2418595A__20240617__20240621,IOME2418595A,2024-05-13,2024-07-01,2024-06-17,2024-06-21,23,0,0,0,23,35.0,10.0,45.0,45,5,2024-05-13,2024-07-01,165,22,22,2024-06-17,2024-06-21,290,9,0.1393939393939394,0.07931034482758621,1
WD_MERGE_2023-11-27---2023-12-25_duration_28_days_cluster_355_A0_001153_A_001442_lat_04922_lon_00020_size_0374,IOME2400969A__20231206__20231224,IOME2400969A,2023-11-27,2023-12-25,2023-12-06,2023-12-24,21,0,21,21,21,9.0,1.0,10.0,10,19,2023-11-27,2023-12-25,1491,44,44,2023-12-06,2023-12-24,42,2,0.014084507042253521,0.5,1
WD_MERGE_2024-01-01---2024-02-05_duration_35_days_cluster_333_A0_001861_A_002025_lat_04966_lon_00582_size_0555,IOME2400974A__20231227__20240111,IOME2400974A,2024-01-01,2024-02-05,2023-12-27,2024-01-11,20,0,20,0,20,5.0,25.0,30.0,30,11,2024-01-01,2024-02-05,1975,45,45,2023-12-27,2024-01-11,165,2,0.010126582278481013,0.12121212121212122,1
WD_MERGE_2018-10-15---2018-10-22_duration_7_days_cluster_251_A0_000047_A_000055_lat_04322_lon_00298_size_0008,INTE1828277A__20181014__20181015,INTE1828277A,2018-10-15,2018-10-22,2018-10-14,2018-10-15,18,0,18,18,18,1.0,7.0,8.0,8,1,2018-10-15,2018-10-22,40,3,3,2018-10-14,2018-10-15,126,1,0.45,0.14285714285714285,1
WD_MERGE_2024-07-01---2024-07-08_duration_7_days_cluster_118_A0_000009_A_000009_lat_04830_lon_00554_size_0025,IOME2420215A__20240627__20240701,IOME2420215A,2024-07-01,2024-07-08,2024-06-27,2024-07-01,15,0,15,15,15,4.0,7.0,11.0,11,1,2024-07-01,2024-07-08,62,7,7,2024-06-27,2024-07-01,40,1,0.24193548387096775,0.375,1
WD_MERGE_2020-11-09---2021-01-04_duration_56_days_cluster_393_A0_000699_A_000848_lat_05106_lon_-0049_size_0220,INTE2104714A__20210203__20210209,INTE2104714A,2020-11-09,2021-01-04,2021-02-03,2021-02-09,15,0,0,0,15,86.0,36.0,122.0,122,0,2020-11-09,2021-01-04,766,38,38,2021-02-03,2021-02-09,86,3,0.0195822454308094,0.1744186046511628,1
WD_MERGE_2024-02-19---2024-03-18_duration_21_days_cluster_347_A0_000534_A_000577_lat_04734_lon_00149_size_0292,IOME2410127A__20240329__20240404,IOME2410127A,2024-02-19,2024-03-18,2024-03-29,2024-04-04,14,0,0,0,14,39.0,17.0,56.0,56,0,2024-02-19,2024-03-18,1245,54,54,2024-03-29,2024-04-04,150,4,0.011244979919678716,0.09333333333333334,1
WD_MERGE_2023-06-19---2023-06-26_duration_7_days_cluster_140_A0_000004_A_000004_lat_04402_lon_00037_size_0043,IOME2320253A__20230620__20230622,IOME2320253A,2023-06-19,2023-06-26,2023-06-20,2023-06-22,13,0,13,13,13,1.0,4.0,5.0,5,3,2023-06-19,2023-06-26,50,5,5,2023-06-20,2023-06-22,96,2,0.26,0.13541666666666666,1
WD_MERGE_2018-06-04---2018-06-18_duration_14_days_cluster_098_A0_000042_A_000061_lat_04818_lon_-0084_size_0084,INTE1820387A__20180609__20180611,INTE1820387A,2018-06-04,2018-06-18,2018-06-09,2018-06-11,13,0,13,13,13,5.0,7.0,12.0,12,3,2018-06-04,2018-06-18,214,14,14,2018-06-09,2018-06-11,41,3,0.06074766355140187,0.3170731707317073,1
WD_MERGE_2023-12-11---2024-01-01_duration_21_days_cluster_358_A0_001246_A_001597_lat_05134_lon_00222_size_0362,IOME2400969A__20231206__20231224,IOME2400969A,2023-12-11,2024-01-01,2023-12-06,2023-12-24,13,0,13,13,13,5.0,8.0,13.0,13,14,2023-12-11,2024-01-01,803,28,28,2023-12-06,2023-12-24,42,2,0.0161892901618929,0.30952380952380953,1
WD_MERGE_2021-01-11---2021-03-22_duration_56_days_cluster_352_A0_000478_A_000602_lat_03951_lon_-0626_size_0252,INTE2105706A__20210129__20210204,INTE2105706A,2021-01-11,2021-03-22,2021-01-29,2021-02-04,12,0,0,0,12,18.0,46.0,64.0,64,7,2021-01-11,2021-03-22,346,17,17,2021-01-29,2021-02-04,63,2,0.03468208092485549,0.19047619047619047,1
WD_MERGE_2021-11-29---2022-01-03_duration_35_days_cluster_316_A0_000336_A_000413_lat_05065_lon_-0112_size_0274,INTE2137449A__20211127__20211129,INTE2137449A,2021-11-29,2022-01-03,2021-11-27,2021-11-29,10,0,0,0,10,2.0,35.0,37.0,37,1,2021-11-29,2022-01-03,534,33,33,2021-11-27,2021-11-29,21,2,0.018726591760299626,0.47619047619047616,1
WD_MERGE_2019-11-04---2020-01-06_duration_56_days_cluster_351_A0_000915_A_001176_lat_04685_lon_00678_size_0668,INTE1935602A__20191201__20191202,INTE1935602A,2019-11-04,2020-01-06,2019-12-01,2019-12-02,9,0,0,0,9,27.0,35.0,62.0,62,2,2019-11-04,2020-01-06,686,33,33,2019-12-01,2019-12-02,73,5,0.013119533527696793,0.1232876712328767,1
WD_MERGE_2019-11-18---2020-01-06_duration_42_days_cluster_353_A0_000853_A_001110_lat_04494_lon_-0368_size_0472,INTE2005870A__20191213__20191215,INTE2005870A,2019-11-18,2020-01-06,2019-12-13,2019-12-15,9,0,9,9,9,25.0,22.0,47.0,47,3,2019-11-18,2020-01-06,1086,32,32,2019-12-13,2019-12-15,10,3,0.008287292817679558,0.9,1
WD_MERGE_2021-01-04---2021-01-11_duration_7_days_cluster_008_A0_000021_A_000027_lat_04372_lon_-0112_size_0010,INTE2201262A__20201201__20210131,INTE2201262A,2021-01-04,2021-01-11,2020-12-01,2021-01-31,7,0,0,0,7,34.0,20.0,54.0,54,8,2021-01-04,2021-01-11,51,2,2,2020-12-01,2021-01-31,14,1,0.13725490196078433,0.5,1
WD_MERGE_2020-05-11---2020-05-18_duration_7_days_cluster_116_A0_000017_A_000028_lat_04375_lon_-0097_size_0011,INTE2014521A__20200509__20200511,INTE2014521A,2020-05-11,2020-05-18,2020-05-09,2020-05-11,6,0,6,6,6,2.0,7.0,9.0,9,1,2020-05-11,2020-05-18,60,3,3,2020-05-09,2020-05-11,176,5,0.1,0.03409090909090909,1
WD_MERGE_2017-12-04---2018-01-01_duration_28_days_cluster_370_A0_000806_A_001014_lat_05081_lon_00198_size_0323,INTE1804348A__20180115__20180205,INTE1804348A,2017-12-04,2018-01-01,2018-01-15,2018-02-05,6,0,0,0,6,42.0,35.0,77.0,77,0,2017-12-04,2018-01-01,1104,29,29,2018-01-15,2018-02-05,276,14,0.005434782608695652,0.021739130434782608,1
WD_MERGE_2021-10-18---2021-11-15_duration_21_days_cluster_269_A0_000215_A_000262_lat_05326_lon_-0331_size_0252,INTE2137449A__20211127__20211129,INTE2137449A,2021-10-18,2021-11-15,2021-11-27,2021-11-29,5,0,0,0,5,40.0,14.0,54.0,54,0,2021-10-18,2021-11-15,14,2,2,2021-11-27,2021-11-29,21,2,0.35714285714285715,0.23809523809523808,1
WD_MERGE_2020-10-05---2020-11-23_duration_42_days_cluster_281_A0_000109_A_000141_lat_04046_lon_-0199_size_0217,INTE2201262A__20201201__20210131,INTE2201262A,2020-10-05,2020-11-23,2020-12-01,2021-01-31,5,0,0,0,5,57.0,69.0,126.0,126,0,2020-10-05,2020-11-23,71,2,2,2020-12-01,2021-01-31,14,1,0.07042253521126761,0.35714285714285715,1
WD_MERGE_2018-06-11---2018-06-18_duration_7_days_cluster_108_A0_000040_A_000058_lat_04315_lon_-0110_size_0066,INTE1820387A__20180612__20180612,INTE1820387A,2018-06-11,2018-06-18,2018-06-12,2018-06-12,5,0,5,5,5,1.0,6.0,7.0,7,1,2018-06-11,2018-06-18,71,2,2,2018-06-12,2018-06-12,116,17,0.07042253521126761,0.04310344827586207,1
WD_MERGE_2024-05-13---2024-05-20_duration_7_days_cluster_070_A0_000052_A_000061_lat_04719_lon_00110_size_0066,IOME2418595A__20240617__20240621,IOME2418595A,2024-05-13,2024-05-20,2024-06-17,2024-06-21,5,0,0,0,5,35.0,32.0,67.0,67,0,2024-05-13,2024-05-20,212,14,14,2024-06-17,2024-06-21,290,9,0.02358490566037736,0.017241379310344827,1
WD_MERGE_2024-09-23---2024-11-11_duration_35_days_cluster_367_A0_000578_A_000623_lat_04898_lon_00513_size_0555,INTE2430293A__20240925__20240925,INTE2430293A,2024-09-23,2024-11-11,2024-09-25,2024-09-25,5,0,0,0,5,2.0,47.0,49.0,49,1,2024-09-23,2024-11-11,575,25,25,2024-09-25,2024-09-25,13,2,0.008695652173913044,0.38461538461538464,1
WD_MERGE_2020-02-10---2020-04-13_duration_63_days_cluster_376_A0_002105_A_002662_lat_05130_lon_-0049_size_0424,INTE2014521A__20200301__20200301,INTE2014521A,2020-02-10,2020-04-13,2020-03-01,2020-03-01,5,0,0,0,5,20.0,43.0,63.0,63,1,2020-02-10,2020-04-13,1557,32,32,2020-03-01,2020-03-01,9,1,0.0032113037893384713,0.5555555555555556,1
WD_MERGE_2020-02-24---2020-04-06_duration_35_days_cluster_380_A0_001946_A_002487_lat_04916_lon_00184_size_0350,INTE2014521A__20200301__20200301,INTE2014521A,2020-02-24,2020-04-06,2020-03-01,2020-03-01,5,0,0,0,5,6.0,36.0,42.0,42,1,2020-02-24,2020-04-06,2994,57,57,2020-03-01,2020-03-01,9,1,0.0016700066800267202,0.5555555555555556,1
WD_MERGE_2018-01-01---2018-01-29_duration_28_days_cluster_349_A0_000442_A_000522_lat_04875_lon_-0083_size_0117,INTE1808306A__20180103__20180103,INTE1808306A,2018-01-01,2018-01-29,2018-01-03,2018-01-03,4,0,4,4,4,2.0,26.0,28.0,28,1,2018-01-01,2018-01-29,822,32,32,2018-01-03,2018-01-03,7,2,0.004866180048661801,0.5714285714285714,1
WD_MERGE_2019-12-30---2020-02-24_duration_56_days_cluster_370_A0_001092_A_001400_lat_04760_lon_00017_size_0374,INTE2014521A__20200301__20200301,INTE2014521A,2019-12-30,2020-02-24,2020-03-01,2020-03-01,4,0,0,0,4,62.0,6.0,68.0,68,0,2019-12-30,2020-02-24,1675,44,44,2020-03-01,2020-03-01,9,1,0.0023880597014925373,0.4444444444444444,1
WD_MERGE_2019-11-25---2020-01-06_duration_42_days_cluster_354_A0_001418_A_001778_lat_04942_lon_-0006_size_0345,INTE2005870A__20191102__20191103,INTE2005870A,2019-11-25,2020-01-06,2019-11-02,2019-11-03,4,0,0,0,4,23.0,64.0,87.0,87,0,2019-11-25,2020-01-06,2059,49,49,2019-11-02,2019-11-03,6,1,0.001942690626517727,0.6666666666666666,1
WD_MERGE_2018-11-19---2018-11-26_duration_7_days_cluster_305_A0_000033_A_000038_lat_04376_lon_00494_size_0046,INTE1905473A__20181120__20181120,INTE1905473A,2018-11-19,2018-11-26,2018-11-20,2018-11-20,3,0,3,3,3,1.0,6.0,7.0,7,1,2018-11-19,2018-11-26,24,5,5,2018-11-20,2018-11-20,4,1,0.125,0.75,1
WD_MERGE_2024-05-27---2024-06-03_duration_7_days_cluster_078_A0_000026_A_000028_lat_04593_lon_-0081_size_0043,IOME2418595A__20240617__20240621,IOME2418595A,2024-05-27,2024-06-03,2024-06-17,2024-06-21,3,0,3,3,3,21.0,18.0,39.0,39,0,2024-05-27,2024-06-03,140,9,9,2024-06-17,2024-06-21,290,9,0.02142857142857143,0.010344827586206896,1
WD_MERGE_2019-12-30---2020-02-10_duration_42_days_cluster_371_A0_001263_A_001609_lat_05120_lon_00293_size_0353,INTE2014521A__20200301__20200301,INTE2014521A,2019-12-30,2020-02-10,2020-03-01,2020-03-01,3,0,0,0,3,62.0,20.0,82.0,82,0,2019-12-30,2020-02-10,1117,21,21,2020-03-01,2020-03-01,9,1,0.0026857654431512983,0.3333333333333333,1
WD_MERGE_2022-08-01---2022-08-08_duration_7_days_cluster_178_A0_000001_A_000002_lat_04354_lon_00459_size_0021,IOME2226252A__20220906__20220908,IOME2226252A,2022-08-01,2022-08-08,2022-09-06,2022-09-08,2,0,0,0,2,36.0,31.0,67.0,67,0,2022-08-01,2022-08-08,8,4,4,2022-09-06,2022-09-08,37,4,0.25,0.05405405405405406,1
WD_MERGE_2018-02-26---2018-03-05_duration_7_days_cluster_033_A0_000021_A_000025_lat_04357_lon_00435_size_0015,INTE1810998A__20180228__20180302,INTE1810998A,2018-02-26,2018-03-05,2018-02-28,2018-03-02,2,0,2,2,2,2.0,3.0,5.0,5,3,2018-02-26,2018-03-05,39,5,5,2018-02-28,2018-03-02,2,1,0.05128205128205128,1.0,1
WD_MERGE_2024-10-07---2024-10-28_duration_21_days_cluster_225_A0_000049_A_000052_lat_04056_lon_-0050_size_0147,INTE2501371A__20241016__20241017,INTE2501371A,2024-10-07,2024-10-28,2024-10-16,2024-10-17,2,0,2,2,2,9.0,11.0,20.0,20,2,2024-10-07,2024-10-28,44,2,2,2024-10-16,2024-10-17,10,5,0.045454545454545456,0.2,1
WD_MERGE_2024-06-24---2024-07-08_duration_14_days_cluster_103_A0_000011_A_000012_lat_04804_lon_-0302_size_0095,IOME2418595A__20240617__20240621,IOME2418595A,2024-06-24,2024-07-08,2024-06-17,2024-06-21,2,0,2,2,2,7.0,17.0,24.0,24,0,2024-06-24,2024-07-08,52,4,4,2024-06-17,2024-06-21,290,9,0.038461538461538464,0.006896551724137931,1
WD_MERGE_2024-02-05---2024-02-26_duration_21_days_cluster_342_A0_002659_A_002896_lat_05242_lon_01873_size_0503,IOME2410378A__20240227__20240229,IOME2410378A,2024-02-05,2024-02-26,2024-02-27,2024-02-29,2,0,2,2,2,22.0,3.0,25.0,25,0,2024-02-05,2024-02-26,772,35,35,2024-02-27,2024-02-29,3,1,0.0025906735751295338,0.6666666666666666,1
WD_MERGE_2018-10-29---2018-11-12_duration_14_days_cluster_271_A0_000043_A_000064_lat_04503_lon_00990_size_0026,INTE1831446A__20181010__20181011,INTE1831446A,2018-10-29,2018-11-12,2018-10-10,2018-10-11,1,0,0,0,1,19.0,32.0,51.0,51,0,2018-10-29,2018-11-12,3,2,2,2018-10-10,2018-10-11,2,1,0.3333333333333333,0.5,1
WD_MERGE_2024-01-01---2024-04-01_duration_91_days_cluster_332_A0_000692_A_000753_lat_05333_lon_-0217_size_0189,IOME2410378A__20240226__20240301,IOME2410378A,2024-01-01,2024-04-01,2024-02-26,2024-03-01,1,0,0,0,1,56.0,31.0,87.0,87,5,2024-01-01,2024-04-01,7,1,1,2024-02-26,2024-03-01,1,1,0.14285714285714285,1.0,1
WD_MERGE_2022-10-31---2022-11-07_duration_7_days_cluster_272_A0_000001_A_000001_lat_04370_lon_00453_size_0035,IOME2235873A__20221109__20221109,IOME2235873A,2022-10-31,2022-11-07,2022-11-09,2022-11-09,1,0,1,1,1,9.0,2.0,11.0,11,0,2022-10-31,2022-11-07,11,4,4,2022-11-09,2022-11-09,5,2,0.09090909090909091,0.2,1
WD_MERGE_2020-06-01---2020-06-08_duration_7_days_cluster_138_A0_000014_A_000016_lat_04355_lon_00458_size_0016,INTE2023938A__20200604__20200604,INTE2023938A,2020-06-01,2020-06-08,2020-06-04,2020-06-04,1,0,1,1,1,3.0,4.0,7.0,7,1,2020-06-01,2020-06-08,12,3,3,2020-06-04,2020-06-04,2,2,0.08333333333333333,0.5,1
WD_MERGE_2022-11-14---2022-11-21_duration_7_days_cluster_281_A0_000002_A_000002_lat_04367_lon_00454_size_0030,IOME2235873A__20221109__20221109,IOME2235873A,2022-11-14,2022-11-21,2022-11-09,2022-11-09,1,0,1,1,1,5.0,12.0,17.0,17,0,2022-11-14,2022-11-21,14,4,4,2022-11-09,2022-11-09,5,2,0.07142857142857142,0.2,1
WD_MERGE_2022-05-30---2022-06-06_duration_7_days_cluster_112_A0_000004_A_000004_lat_04877_lon_-0364_size_0007,INTE2217496A__20220603__20220605,INTE2217496A,2022-05-30,2022-06-06,2022-06-03,2022-06-05,1,0,1,1,1,4.0,1.0,5.0,5,3,2022-05-30,2022-06-06,18,2,2,2022-06-03,2022-06-05,26,12,0.05555555555555555,0.038461538461538464,1
WD_MERGE_2021-11-08---2021-11-15_duration_7_days_cluster_296_A0_000008_A_000009_lat_04891_lon_-0137_size_0050,INTE2137449A__20211031__20211031,INTE2137449A,2021-11-08,2021-11-15,2021-10-31,2021-10-31,1,0,1,1,1,8.0,15.0,23.0,23,0,2021-11-08,2021-11-15,25,6,6,2021-10-31,2021-10-31,4,1,0.04,0.25,1
WD_MERGE_2019-10-14---2019-10-21_duration_7_days_cluster_262_A0_000004_A_000005_lat_04761_lon_-0298_size_0028,INTE1935602A__20191109__20191109,INTE1935602A,2019-10-14,2019-10-21,2019-11-09,2019-11-09,1,0,1,1,1,26.0,19.0,45.0,45,0,2019-10-14,2019-10-21,28,2,2,2019-11-09,2019-11-09,2,1,0.03571428571428571,0.5,1
WD_MERGE_2024-08-05---2024-08-12_duration_7_days_cluster_157_A0_000004_A_000005_lat_04837_lon_-0342_size_0049,INTE2430293A__20240830__20240831,INTE2430293A,2024-08-05,2024-08-12,2024-08-30,2024-08-31,1,0,1,1,1,25.0,19.0,44.0,44,0,2024-08-05,2024-08-12,28,5,5,2024-08-30,2024-08-31,3,2,0.03571428571428571,0.3333333333333333,1
WD_MERGE_2022-06-27---2022-07-04_duration_7_days_cluster_142_A0_000002_A_000002_lat_04661_lon_00394_size_0035,IOME2226252A__20220622__20220622,IOME2226252A,2022-06-27,2022-07-04,2022-06-22,2022-06-22,1,0,1,1,1,5.0,12.0,17.0,17,0,2022-06-27,2022-07-04,30,7,7,2022-06-22,2022-06-22,5,4,0.03333333333333333,0.2,1
WD_MERGE_2023-04-24---2023-06-05_duration_42_days_cluster_077_A0_000314_A_000408_lat_04477_lon_01163_size_0382,IOME2318044A__20230612__20230612,IOME2318044A,2023-04-24,2023-06-05,2023-06-12,2023-06-12,1,0,0,0,1,49.0,7.0,56.0,56,0,2023-04-24,2023-06-05,31,5,5,2023-06-12,2023-06-12,1,1,0.03225806451612903,1.0,1
WD_MERGE_2021-11-01---2021-11-08_duration_7_days_cluster_287_A0_000007_A_000008_lat_04412_lon_00458_size_0072,INTE2130679A__20211003__20211005,INTE2130679A,2021-11-01,2021-11-08,2021-10-03,2021-10-05,1,0,0,0,1,29.0,34.0,63.0,63,0,2021-11-01,2021-11-08,32,8,8,2021-10-03,2021-10-05,81,4,0.03125,0.012345679012345678,1
WD_MERGE_2024-08-19---2024-08-26_duration_7_days_cluster_170_A0_000005_A_000006_lat_04827_lon_-0328_size_0063,INTE2430293A__20240830__20240831,INTE2430293A,2024-08-19,2024-08-26,2024-08-30,2024-08-31,1,0,1,1,1,11.0,5.0,16.0,16,0,2024-08-19,2024-08-26,38,4,4,2024-08-30,2024-08-31,3,2,0.02631578947368421,0.3333333333333333,1
WD_MERGE_2019-09-23---2019-10-21_duration_28_days_cluster_346_A0_000296_A_000373_lat_05307_lon_-0336_size_0186,INTE1935602A__20191109__20191109,INTE1935602A,2019-09-23,2019-10-21,2019-11-09,2019-11-09,1,0,0,0,1,47.0,19.0,66.0,66,0,2019-09-23,2019-10-21,39,4,4,2019-11-09,2019-11-09,2,1,0.02564102564102564,0.5,1
WD_MERGE_2016-05-30---2016-06-06_duration_7_days_cluster_110_A0_000048_A_000077_lat_04747_lon_-0062_size_0013,INTE1617716A__20160511__20160511,INTE1617716A,2016-05-30,2016-06-06,2016-05-11,2016-05-11,1,0,1,1,1,19.0,26.0,45.0,45,0,2016-05-30,2016-06-06,50,4,4,2016-05-11,2016-05-11,1,1,0.02,1.0,1
WD_MERGE_2024-10-07---2024-10-21_duration_14_days_cluster_226_A0_000009_A_000009_lat_04785_lon_-0287_size_0091,INTE2430293A__20241008__20241008,INTE2430293A,2024-10-07,2024-10-21,2024-10-08,2024-10-08,1,0,1,1,1,1.0,13.0,14.0,14,1,2024-10-07,2024-10-21,51,5,5,2024-10-08,2024-10-08,3,2,0.0196078431372549,0.3333333333333333,1
WD_MERGE_2021-06-07---2021-06-14_duration_7_days_cluster_118_A0_000014_A_000019_lat_04889_lon_-0211_size_0051,INTE2122730A__20210617__20210617,INTE2122730A,2021-06-07,2021-06-14,2021-06-17,2021-06-17,1,0,1,1,1,10.0,3.0,13.0,13,0,2021-06-07,2021-06-14,62,8,8,2021-06-17,2021-06-17,1,1,0.016129032258064516,1.0,1
WD_MERGE_2016-10-03---2016-10-24_duration_21_days_cluster_219_A0_000014_A_000016_lat_04436_lon_00249_size_0244,INTE1637220A__20161001__20161001,INTE1637220A,2016-10-03,2016-10-24,2016-10-01,2016-10-01,1,0,1,1,1,2.0,23.0,25.0,25,0,2016-10-03,2016-10-24,74,9,9,2016-10-01,2016-10-01,1,1,0.013513513513513514,1.0,1
WD_MERGE_2024-05-27---2024-06-03_duration_7_days_cluster_080_A0_000007_A_000008_lat_04825_lon_00215_size_0019,INTE2424582A__20240620__20240620,INTE2424582A,2024-05-27,2024-06-03,2024-06-20,2024-06-20,1,0,1,1,1,24.0,17.0,41.0,41,0,2024-05-27,2024-06-03,81,5,5,2024-06-20,2024-06-20,6,5,0.012345679012345678,0.16666666666666666,1
WD_MERGE_2024-05-20---2024-05-27_duration_7_days_cluster_072_A0_000007_A_000008_lat_04780_lon_00428_size_0047,INTE2519692A__20240331__20240429,INTE2519692A,2024-05-20,2024-05-27,2024-03-31,2024-04-29,1,0,0,0,1,50.0,28.0,78.0,78,0,2024-05-20,2024-05-27,86,7,7,2024-03-31,2024-04-29,2,2,0.011627906976744186,0.5,1
WD_MERGE_2018-03-19---2018-04-30_duration_42_days_cluster_367_A0_000354_A_000437_lat_05276_lon_00119_size_0294,INTE1818802A__20180522__20180522,INTE1818802A,2018-03-19,2018-04-30,2018-05-22,2018-05-22,1,0,0,0,1,64.0,22.0,86.0,86,0,2018-03-19,2018-04-30,91,10,10,2018-05-22,2018-05-22,10,5,0.01098901098901099,0.1,1
WD_MERGE_2020-04-13---2020-05-25_duration_35_days_cluster_086_A0_000076_A_000087_lat_04386_lon_00446_size_0033,INTE2023938A__20200604__20200604,INTE2023938A,2020-04-13,2020-05-25,2020-06-04,2020-06-04,1,0,0,0,1,52.0,10.0,62.0,62,0,2020-04-13,2020-05-25,136,11,11,2020-06-04,2020-06-04,2,2,0.007352941176470588,0.5,1
WD_MERGE_2024-11-18---2024-12-16_duration_28_days_cluster_280_A0_000447_A_000487_lat_05182_lon_-0322_size_0147,INTE2505371A__20241207__20241208,INTE2505371A,2024-11-18,2024-12-16,2024-12-07,2024-12-08,1,0,1,1,1,19.0,8.0,27.0,27,2,2024-11-18,2024-12-16,163,12,12,2024-12-07,2024-12-08,1,1,0.006134969325153374,1.0,1
WD_MERGE_2016-02-22---2016-04-18_duration_49_days_cluster_300_A0_000346_A_000432_lat_05197_lon_-0062_size_0391,INTE1617716A__20160511__20160511,INTE1617716A,2016-02-22,2016-04-18,2016-05-11,2016-05-11,1,0,0,0,1,79.0,23.0,102.0,102,0,2016-02-22,2016-04-18,182,13,13,2016-05-11,2016-05-11,1,1,0.005494505494505495,1.0,1
WD_MERGE_2024-01-01---2024-02-19_duration_35_days_cluster_334_A0_002595_A_002920_lat_05238_lon_01260_size_0503,IOME2407754A__20240103__20240105,IOME2407754A,2024-01-01,2024-02-19,2024-01-03,2024-01-05,1,0,0,0,1,2.0,45.0,47.0,47,3,2024-01-01,2024-02-19,209,4,4,2024-01-03,2024-01-05,1,1,0.004784688995215311,1.0,1
WD_MERGE_2020-09-28---2020-11-30_duration_63_days_cluster_273_A0_000452_A_000562_lat_05173_lon_-0314_size_0364,INTE2027600A__20200923__20200923,INTE2027600A,2020-09-28,2020-11-30,2020-09-23,2020-09-23,1,0,0,0,1,5.0,68.0,73.0,73,0,2020-09-28,2020-11-30,256,12,12,2020-09-23,2020-09-23,1,1,0.00390625,1.0,1
WD_MERGE_2016-11-21---2016-11-28_duration_7_days_cluster_264_A0_000092_A_000121_lat_04596_lon_00440_size_0115,INTE1711727A__20161121__20161123,INTE1711727A,2016-11-21,2016-11-28,2016-11-21,2016-11-23,1,0,1,1,1,0.0,5.0,5.0,5,3,2016-11-21,2016-11-28,353,20,20,2016-11-21,2016-11-23,2,2,0.0028328611898017,0.5,1
WD_MERGE_2023-11-27---2024-01-01_duration_35_days_cluster_356_A0_002381_A_002991_lat_05205_lon_01175_size_0268,IOME2333648A__20231114__20231116,IOME2333648A,2023-11-27,2024-01-01,2023-11-14,2023-11-16,1,0,0,0,1,13.0,46.0,59.0,59,0,2023-11-27,2024-01-01,733,23,23,2023-11-14,2023-11-16,2,2,0.001364256480218281,0.5,1
WD_MERGE_2016-02-08---2016-03-21_duration_42_days_cluster_299_A0_000993_A_001287_lat_04880_lon_00221_size_0343,INTE1617716A__20160413__20160413,INTE1617716A,2016-02-08,2016-03-21,2016-04-13,2016-04-13,1,0,0,0,1,65.0,23.0,88.0,88,0,2016-02-08,2016-03-21,1894,52,52,2016-04-13,2016-04-13,1,1,0.0005279831045406547,1.0,1
