jrc_event_id,jrc_event_start_date,jrc_event_end_date,jrc_total_communes,jrc_total_nuts3,jrc_total_departments
WD_MERGE_2015-01-12---2015-01-26_duration_14_days_cluster_015_A0_000006_A_000009_lat_04879_lon_00478_size_0056,2015-01-12,2015-01-26,66,7,7
WD_MERGE_2015-01-19---2015-02-09_duration_21_days_cluster_020_A0_000048_A_000064_lat_04674_lon_00155_size_0230,2015-01-19,2015-02-09,212,17,17
WD_MERGE_2015-02-16---2015-03-09_duration_14_days_cluster_035_A0_000067_A_000086_lat_04928_lon_00023_size_0118,2015-02-16,2015-03-09,174,11,11
WD_MERGE_2015-03-16---2015-03-23_duration_7_days_cluster_055_A0_000001_A_000002_lat_04635_lon_00580_size_0044,2015-03-16,2015-03-23,17,3,3
WD_MERGE_2015-03-30---2015-04-20_duration_21_days_cluster_067_A0_000002_A_000002_lat_04617_lon_00506_size_0023,2015-03-30,2015-04-20,41,6,6
WD_MERGE_2015-09-14---2015-09-21_duration_7_days_cluster_215_A0_000001_A_000001_lat_04774_lon_-0335_size_0015,2015-09-14,2015-09-21,18,2,2
WD_MERGE_2015-09-28---2015-10-12_duration_14_days_cluster_226_A0_000004_A_000005_lat_04874_lon_-0367_size_0009,2015-09-28,2015-10-12,14,2,2
WD_MERGE_2015-10-12---2015-10-19_duration_7_days_cluster_241_A0_000001_A_000001_lat_04609_lon_-0075_size_0051,2015-10-12,2015-10-19,12,6,6
WD_MERGE_2015-10-26---2015-11-09_duration_14_days_cluster_253_A0_000003_A_000004_lat_04534_lon_-0093_size_0078,2015-10-26,2015-11-09,19,3,3
WD_MERGE_2015-11-09---2016-01-04_duration_56_days_cluster_343_A0_000186_A_000219_lat_05482_lon_00605_size_0290,2015-11-09,2016-01-04,3,1,1
WD_MERGE_2015-11-16---2015-11-30_duration_14_days_cluster_275_A0_000003_A_000004_lat_04833_lon_-0346_size_0055,2015-11-16,2015-11-30,26,4,4
WD_MERGE_2015-11-23---2015-12-21_duration_28_days_cluster_286_A0_000030_A_000033_lat_03957_lon_-0024_size_0035,2015-11-23,2015-12-21,5,1,1
WD_MERGE_2015-11-23---2016-01-04_duration_42_days_cluster_344_A0_000799_A_000977_lat_05363_lon_-0629_size_0175,2015-11-23,2016-01-04,29,3,3
WD_MERGE_2015-12-14---2015-12-21_duration_7_days_cluster_307_A0_000010_A_000012_lat_04929_lon_-0133_size_0008,2015-12-14,2015-12-21,25,3,3
WD_MERGE_2015-12-21---2015-12-28_duration_7_days_cluster_318_A0_000001_A_000001_lat_04869_lon_-0377_size_0019,2015-12-21,2015-12-28,10,2,2
WD_MERGE_2016-01-04---2016-01-11_duration_7_days_cluster_005_A0_000009_A_000011_lat_04378_lon_-0108_size_0015,2016-01-04,2016-01-11,32,2,2
WD_MERGE_2016-01-18---2016-01-25_duration_7_days_cluster_018_A0_000005_A_000006_lat_04381_lon_-0108_size_0018,2016-01-18,2016-01-25,15,2,2
WD_MERGE_2016-01-25---2016-03-14_duration_49_days_cluster_025_A0_000168_A_000250_lat_04034_lon_-0700_size_0154,2016-01-25,2016-03-14,75,2,2
WD_MERGE_2016-04-11---2016-04-18_duration_7_days_cluster_073_A0_000014_A_000016_lat_04363_lon_00454_size_0011,2016-04-11,2016-04-18,39,5,5
WD_MERGE_2016-04-18---2016-04-25_duration_7_days_cluster_078_A0_000035_A_000067_lat_04542_lon_00719_size_0040,2016-04-18,2016-04-25,17,3,3
WD_MERGE_2016-07-25---2016-08-01_duration_7_days_cluster_157_A0_000001_A_000001_lat_04838_lon_-0491_size_0001,2016-07-25,2016-08-01,2,1,1
WD_MERGE_2016-07-25---2016-08-01_duration_7_days_cluster_158_A0_000002_A_000002_lat_04431_lon_-0047_size_0010,2016-07-25,2016-08-01,8,2,2
WD_MERGE_2016-08-29---2016-09-05_duration_7_days_cluster_192_A0_000001_A_000001_lat_04596_lon_00498_size_0005,2016-08-29,2016-09-05,12,2,2
WD_MERGE_2016-11-14---2016-11-21_duration_7_days_cluster_257_A0_000011_A_000014_lat_04873_lon_-0356_size_0111,2016-11-14,2016-11-21,59,4,4
WD_MERGE_2016-11-14---2016-11-21_duration_7_days_cluster_258_A0_000002_A_000003_lat_04571_lon_-0109_size_0020,2016-11-14,2016-11-21,15,3,3
WD_MERGE_2016-12-12---2016-12-19_duration_7_days_cluster_277_A0_000006_A_000008_lat_04864_lon_-0339_size_0127,2016-12-12,2016-12-19,39,3,3
WD_MERGE_2016-12-26---2017-01-02_duration_7_days_cluster_002_A0_000004_A_000004_lat_04476_lon_00471_size_0139,2016-12-26,2017-01-02,37,8,8
WD_MERGE_2016-12-26---2017-01-02_duration_7_days_cluster_287_A0_000003_A_000004_lat_04875_lon_-0370_size_0012,2016-12-26,2017-01-02,14,2,2
WD_MERGE_2016-12-26---2017-01-23_duration_28_days_cluster_341_A0_000718_A_000902_lat_05400_lon_01526_size_0438,2016-12-26,2017-01-23,153,12,12
WD_MERGE_2017-01-02---2017-01-09_duration_7_days_cluster_006_A0_000001_A_000001_lat_04742_lon_00031_size_0005,2017-01-02,2017-01-09,8,2,2
WD_MERGE_2017-01-09---2017-01-16_duration_7_days_cluster_013_A0_000005_A_000007_lat_04866_lon_-0342_size_0140,2017-01-09,2017-01-16,41,2,2
WD_MERGE_2017-01-23---2017-03-27_duration_56_days_cluster_342_A0_000261_A_000316_lat_05149_lon_-0337_size_0310,2017-01-23,2017-03-27,225,16,16
WD_MERGE_2017-02-13---2017-02-20_duration_7_days_cluster_048_A0_000014_A_000017_lat_04711_lon_00526_size_0013,2017-02-13,2017-02-20,42,4,4
WD_MERGE_2017-03-06---2017-03-20_duration_14_days_cluster_058_A0_000040_A_000055_lat_04834_lon_-0141_size_0114,2017-03-06,2017-03-20,109,8,8
WD_MERGE_2017-03-20---2017-03-27_duration_7_days_cluster_071_A0_000002_A_000002_lat_04409_lon_00031_size_0045,2017-03-20,2017-03-27,45,5,5
WD_MERGE_2017-04-24---2017-05-15_duration_21_days_cluster_098_A0_000128_A_000144_lat_04437_lon_00721_size_0233,2017-04-24,2017-05-15,23,5,5
WD_MERGE_2017-06-05---2017-06-12_duration_7_days_cluster_126_A0_000001_A_000001_lat_04687_lon_-0205_size_0001,2017-06-05,2017-06-12,7,1,1
WD_MERGE_2017-06-05---2017-06-12_duration_7_days_cluster_128_A0_000013_A_000014_lat_04360_lon_00453_size_0013,2017-06-05,2017-06-12,15,4,4
WD_MERGE_2017-07-24---2017-07-31_duration_7_days_cluster_175_A0_000008_A_000009_lat_04868_lon_-0381_size_0023,2017-07-24,2017-07-31,24,2,2
WD_MERGE_2017-08-21---2017-08-28_duration_7_days_cluster_201_A0_000002_A_000003_lat_04988_lon_-0485_size_0203,2017-08-21,2017-08-28,6,1,1
WD_MERGE_2017-09-04---2017-09-11_duration_7_days_cluster_215_A0_000003_A_000005_lat_04761_lon_-0288_size_0023,2017-09-04,2017-09-11,26,2,2
WD_MERGE_2017-09-11---2017-09-18_duration_7_days_cluster_224_A0_000003_A_000003_lat_04378_lon_00452_size_0034,2017-09-11,2017-09-18,21,4,4
WD_MERGE_2017-09-25---2017-10-02_duration_7_days_cluster_241_A0_000001_A_000001_lat_04399_lon_00472_size_0033,2017-09-25,2017-10-02,17,6,6
WD_MERGE_2017-10-02---2017-10-09_duration_7_days_cluster_247_A0_000004_A_000004_lat_04878_lon_-0358_size_0003,2017-10-02,2017-10-09,15,2,2
WD_MERGE_2017-10-16---2017-10-30_duration_14_days_cluster_264_A0_000002_A_000003_lat_04401_lon_00651_size_0047,2017-10-16,2017-10-30,31,5,5
WD_MERGE_2017-10-16---2017-11-13_duration_21_days_cluster_263_A0_000116_A_000152_lat_05249_lon_-0493_size_0233,2017-10-16,2017-11-13,40,5,5
WD_MERGE_2017-11-20---2017-11-27_duration_7_days_cluster_307_A0_000001_A_000001_lat_04469_lon_-0072_size_0007,2017-11-20,2017-11-27,5,1,1
WD_MERGE_2018-08-13---2018-08-27_duration_14_days_cluster_175_A0_000011_A_000014_lat_04834_lon_-0359_size_0057,2018-08-13,2018-08-27,53,5,5
WD_MERGE_2018-10-08---2018-10-22_duration_14_days_cluster_240_A0_000050_A_000064_lat_05109_lon_-0295_size_0131,2018-10-08,2018-10-22,78,5,5
WD_MERGE_2018-10-15---2018-10-22_duration_7_days_cluster_252_A0_000003_A_000003_lat_04838_lon_00897_size_0061,2018-10-15,2018-10-22,7,1,1
WD_MERGE_2018-11-05---2018-11-26_duration_21_days_cluster_282_A0_000009_A_000011_lat_04856_lon_-0342_size_0108,2018-11-05,2018-11-26,47,5,5
WD_MERGE_2018-11-12---2018-11-26_duration_14_days_cluster_296_A0_000083_A_000097_lat_05330_lon_01073_size_0063,2018-11-12,2018-11-26,2,1,1
WD_MERGE_2018-11-26---2018-12-03_duration_7_days_cluster_314_A0_000056_A_000068_lat_05228_lon_-0203_size_0207,2018-11-26,2018-12-03,2,1,1
WD_MERGE_2018-12-03---2019-01-07_duration_35_days_cluster_328_A0_000018_A_000021_lat_04628_lon_00810_size_0137,2018-12-03,2019-01-07,44,4,4
WD_MERGE_2018-12-03---2019-01-07_duration_35_days_cluster_382_A0_000421_A_000528_lat_05199_lon_-0118_size_0484,2018-12-03,2019-01-07,331,20,20
WD_MERGE_2018-12-31---2019-02-04_duration_35_days_cluster_003_A0_000514_A_000635_lat_05181_lon_01396_size_0516,2018-12-31,2019-02-04,15,2,2
WD_MERGE_2019-01-21---2019-02-11_duration_21_days_cluster_026_A0_000107_A_000135_lat_03926_lon_-0446_size_0406,2019-01-21,2019-02-11,60,2,2
WD_MERGE_2019-01-21---2019-02-25_duration_28_days_cluster_027_A0_000234_A_000293_lat_04921_lon_00044_size_0162,2019-01-21,2019-02-25,588,25,25
WD_MERGE_2019-01-28---2019-02-11_duration_14_days_cluster_035_A0_000004_A_000006_lat_04368_lon_00444_size_0026,2019-01-28,2019-02-11,23,6,6
WD_MERGE_2019-02-18---2019-02-25_duration_7_days_cluster_058_A0_000018_A_000023_lat_04784_lon_-0277_size_0040,2019-02-18,2019-02-25,60,3,3
WD_MERGE_2019-03-04---2019-04-08_duration_28_days_cluster_333_A0_000653_A_000885_lat_05154_lon_00036_size_0450,2019-03-04,2019-04-08,748,26,26
WD_MERGE_2019-04-01---2019-04-08_duration_7_days_cluster_084_A0_000011_A_000014_lat_04962_lon_-0311_size_0106,2019-04-01,2019-04-08,15,2,2
WD_MERGE_2019-04-01---2019-04-22_duration_21_days_cluster_085_A0_000034_A_000040_lat_04370_lon_00477_size_0028,2019-04-01,2019-04-22,46,6,6
WD_MERGE_2019-04-22---2019-04-29_duration_7_days_cluster_111_A0_000004_A_000004_lat_04865_lon_-0374_size_0022,2019-04-22,2019-04-29,26,2,2
WD_MERGE_2019-05-13---2019-05-20_duration_7_days_cluster_123_A0_000002_A_000003_lat_04682_lon_-0197_size_0004,2019-05-13,2019-05-20,8,1,1
WD_MERGE_2019-06-03---2019-06-10_duration_7_days_cluster_138_A0_000003_A_000004_lat_04967_lon_-0434_size_0154,2019-06-03,2019-06-10,37,2,2
WD_MERGE_2019-06-17---2019-06-24_duration_7_days_cluster_151_A0_000001_A_000002_lat_04796_lon_-0387_size_0049,2019-06-17,2019-06-24,16,2,2
WD_MERGE_2019-06-17---2019-07-01_duration_14_days_cluster_153_A0_000017_A_000020_lat_04356_lon_00459_size_0016,2019-06-17,2019-07-01,13,3,3
WD_MERGE_2019-07-01---2019-07-08_duration_7_days_cluster_164_A0_000009_A_000010_lat_04874_lon_-0374_size_0015,2019-07-01,2019-07-08,15,2,2
WD_MERGE_2019-07-29---2019-08-05_duration_7_days_cluster_195_A0_000004_A_000005_lat_04946_lon_-0135_size_0019,2019-07-29,2019-08-05,11,2,2
WD_MERGE_2019-08-05---2019-08-12_duration_7_days_cluster_204_A0_000002_A_000003_lat_04351_lon_00462_size_0016,2019-08-05,2019-08-12,5,3,3
WD_MERGE_2019-09-02---2019-09-09_duration_7_days_cluster_222_A0_000004_A_000005_lat_04779_lon_-0350_size_0074,2019-09-02,2019-09-09,48,4,4
WD_MERGE_2019-09-16---2019-09-23_duration_7_days_cluster_235_A0_000014_A_000017_lat_05028_lon_01037_size_0108,2019-09-16,2019-09-23,7,4,4
WD_MERGE_2020-01-27---2020-02-03_duration_7_days_cluster_027_A0_000003_A_000003_lat_04354_lon_00457_size_0017,2020-01-27,2020-02-03,11,4,4
WD_MERGE_2020-01-27---2020-03-02_duration_35_days_cluster_025_A0_000088_A_000101_lat_04035_lon_00016_size_0085,2020-01-27,2020-03-02,4,2,2
WD_MERGE_2020-02-10---2020-03-30_duration_42_days_cluster_377_A0_000631_A_000741_lat_05520_lon_01131_size_0260,2020-02-10,2020-03-30,41,5,5
WD_MERGE_2020-03-23---2020-03-30_duration_7_days_cluster_066_A0_000006_A_000006_lat_04527_lon_00766_size_0088,2020-03-23,2020-03-30,21,3,3
WD_MERGE_2020-08-10---2020-08-17_duration_7_days_cluster_216_A0_000001_A_000001_lat_04348_lon_00458_size_0015,2020-08-10,2020-08-17,3,2,2
WD_MERGE_2020-08-31---2020-09-07_duration_7_days_cluster_238_A0_000001_A_000002_lat_05095_lon_00606_size_0031,2020-08-31,2020-09-07,4,1,1
WD_MERGE_2020-09-28---2020-10-05_duration_7_days_cluster_271_A0_000002_A_000003_lat_04766_lon_-0292_size_0018,2020-09-28,2020-10-05,20,1,1
WD_MERGE_2021-03-08---2021-03-15_duration_7_days_cluster_054_A0_000011_A_000015_lat_04732_lon_-0191_size_0017,2021-03-08,2021-03-15,33,2,2
WD_MERGE_2021-03-15---2021-04-05_duration_21_days_cluster_059_A0_000151_A_000196_lat_05239_lon_-0164_size_0179,2021-03-15,2021-04-05,64,7,7
WD_MERGE_2021-04-12---2021-04-19_duration_7_days_cluster_074_A0_000004_A_000004_lat_04879_lon_-0358_size_0003,2021-04-12,2021-04-19,14,2,2
WD_MERGE_2021-04-19---2021-04-26_duration_7_days_cluster_079_A0_000020_A_000022_lat_04369_lon_00456_size_0017,2021-04-19,2021-04-26,40,4,4
WD_MERGE_2021-06-14---2021-06-21_duration_7_days_cluster_125_A0_000018_A_000021_lat_04360_lon_00455_size_0011,2021-06-14,2021-06-21,14,3,3
WD_MERGE_2021-07-26---2021-08-02_duration_7_days_cluster_179_A0_000002_A_000002_lat_04476_lon_-0075_size_0013,2021-07-26,2021-08-02,7,2,2
WD_MERGE_2021-08-23---2021-08-30_duration_7_days_cluster_205_A0_000003_A_000004_lat_04803_lon_-0220_size_0091,2021-08-23,2021-08-30,32,8,8
WD_MERGE_2021-09-06---2021-09-13_duration_7_days_cluster_216_A0_000001_A_000001_lat_04644_lon_00372_size_0036,2021-09-06,2021-09-13,8,3,3
WD_MERGE_2021-09-27---2021-10-04_duration_7_days_cluster_240_A0_000002_A_000003_lat_04427_lon_-0087_size_0014,2021-09-27,2021-10-04,9,2,2
WD_MERGE_2021-10-04---2021-10-11_duration_7_days_cluster_252_A0_000001_A_000001_lat_04603_lon_00504_size_0009,2021-10-04,2021-10-11,14,2,2
WD_MERGE_2021-11-15---2021-11-22_duration_7_days_cluster_302_A0_000004_A_000004_lat_04877_lon_-0362_size_0006,2021-11-15,2021-11-22,10,2,2
WD_MERGE_2022-03-14---2022-03-21_duration_7_days_cluster_038_A0_000008_A_000009_lat_04823_lon_-0321_size_0070,2022-03-14,2022-03-21,37,5,5
WD_MERGE_2022-04-18---2022-05-02_duration_14_days_cluster_079_A0_000044_A_000048_lat_04421_lon_00714_size_0233,2022-04-18,2022-05-02,35,5,5
WD_MERGE_2022-06-06---2022-06-27_duration_21_days_cluster_120_A0_000022_A_000025_lat_04359_lon_00454_size_0012,2022-06-06,2022-06-27,21,4,4
WD_MERGE_2022-10-24---2022-10-31_duration_7_days_cluster_262_A0_000005_A_000007_lat_04737_lon_-0191_size_0009,2022-10-24,2022-10-31,15,3,3
WD_MERGE_2022-11-14---2023-01-02_duration_35_days_cluster_279_A0_000374_A_000443_lat_03940_lon_-0724_size_0151,2022-11-14,2023-01-02,29,2,2
WD_MERGE_2022-12-19---2022-12-26_duration_7_days_cluster_318_A0_000018_A_000024_lat_04722_lon_00485_size_0096,2022-12-19,2022-12-26,102,10,10
WD_MERGE_2022-12-19---2023-01-02_duration_14_days_cluster_320_A0_000013_A_000017_lat_04968_lon_00834_size_0171,2022-12-19,2023-01-02,57,4,4
WD_MERGE_2023-02-06---2023-02-13_duration_7_days_cluster_015_A0_000008_A_000009_lat_04650_lon_00060_size_0145,2023-02-06,2023-02-13,64,8,8
WD_MERGE_2023-03-13---2023-05-01_duration_49_days_cluster_331_A0_000343_A_000408_lat_05536_lon_01477_size_0370,2023-03-13,2023-05-01,29,3,3
WD_MERGE_2023-06-05---2023-06-12_duration_7_days_cluster_123_A0_000006_A_000007_lat_04877_lon_-0362_size_0005,2023-06-05,2023-06-12,18,2,2
WD_MERGE_2023-07-03---2023-07-10_duration_7_days_cluster_157_A0_000001_A_000002_lat_04873_lon_-0370_size_0013,2023-07-03,2023-07-10,15,2,2
WD_MERGE_2023-08-14---2023-08-21_duration_7_days_cluster_212_A0_000004_A_000004_lat_04877_lon_-0365_size_0007,2023-08-14,2023-08-21,10,2,2
WD_MERGE_2023-08-28---2023-09-04_duration_7_days_cluster_225_A0_000012_A_000015_lat_04821_lon_-0302_size_0082,2023-08-28,2023-09-04,34,5,5
WD_MERGE_2023-09-04---2023-09-11_duration_7_days_cluster_240_A0_000001_A_000001_lat_04678_lon_00320_size_0033,2023-09-04,2023-09-11,17,5,5
WD_MERGE_2023-09-11---2023-09-18_duration_7_days_cluster_243_A0_000001_A_000001_lat_04864_lon_-0402_size_0038,2023-09-11,2023-09-18,8,2,2
WD_MERGE_2024-01-08---2024-01-15_duration_7_days_cluster_004_A0_000006_A_000006_lat_04868_lon_-0387_size_0026,2024-01-08,2024-01-15,19,2,2
WD_MERGE_2024-03-25---2024-04-01_duration_7_days_cluster_038_A0_000015_A_000018_lat_04738_lon_-0224_size_0005,2024-03-25,2024-04-01,23,2,2
WD_MERGE_2024-04-01---2024-04-15_duration_14_days_cluster_042_A0_000057_A_000061_lat_04104_lon_-0396_size_0164,2024-04-01,2024-04-15,26,2,2
WD_MERGE_2024-07-22---2024-07-29_duration_7_days_cluster_138_A0_000002_A_000002_lat_04359_lon_00451_size_0009,2024-07-22,2024-07-29,10,2,2
WD_MERGE_2024-09-16---2024-09-23_duration_7_days_cluster_200_A0_000078_A_000084_lat_05254_lon_00062_size_0048,2024-09-16,2024-09-23,1,1,1
WD_MERGE_2024-11-04---2024-11-11_duration_7_days_cluster_257_A0_000006_A_000006_lat_04877_lon_-0367_size_0010,2024-11-04,2024-11-11,19,2,2
WD_MERGE_2024-11-18---2024-11-25_duration_7_days_cluster_279_A0_000006_A_000006_lat_04354_lon_-0131_size_0020,2024-11-18,2024-11-25,26,2,2
WD_MERGE_2024-11-18---2024-12-02_duration_14_days_cluster_283_A0_000091_A_000102_lat_05070_lon_00633_size_0269,2024-11-18,2024-12-02,330,11,11
WD_MERGE_2024-11-25---2025-01-06_duration_42_days_cluster_289_A0_000090_A_000098_lat_04032_lon_-0188_size_0224,2024-11-25,2025-01-06,13,2,2
WD_MERGE_2024-12-02---2025-01-06_duration_28_days_cluster_296_A0_000187_A_000206_lat_04823_lon_00558_size_0113,2024-12-02,2025-01-06,700,25,25
WD_MERGE_2024-12-23---2025-01-06_duration_14_days_cluster_321_A0_000004_A_000004_lat_04826_lon_-0303_size_0074,2024-12-23,2025-01-06,12,2,2
